WITH, With,
AT, At,
FROM, From,
INTO, Into,
DURING, During,
INCLUDING, Including,
UNTIL, Until,
AGAINST, Against,
AMONG, Among],
THROUGHOUT, Throughout,
DESPITE, Despite,
TOWARDS, Towards,
UPON, Upon,
CONCERNING, Concerning,
OF, Of,
TO, To,
IN, In,
FOR, For,
ON, On,
BY, By,
ABOUT, About,
LIKE, Like,
THROUGH, Through,
OVER, Over,
BEFORE, Before,
BETWEEN, Between,
AFTER, After,
SINCE, Since,
WITHOUT, Without,
UNDER, Under,
WITHIN, Within,
ALONG, Along,
FOLLOWING, Following,
ACROSS, Across,
BEHING, Behind,
BEYOND, Beyond,
PLUS, Plus,
EXCEPT, Except,
BUT, But,
UP, Up,
OUT, Out,
AROUND, Around,
DOWN, Down,
OFF, Off,
ABOVE, Above,
NEAR, Near